Feature,Importance
area,0.5101173281358129
price_per_area,0.45151310332422495
bathrooms,0.0187610542687062
parking,0.004614029676286343
furnishingstatus,0.0030024832360536083
prefarea,0.0029889357519543853
bedrooms,0.0025585378851374517
stories,0.0021760028677414154
basement,0.0015212145165451965
mainroad,0.0007799529513064052
airconditioning,0.0007666016464509
guestroom,0.0006259425001212533
hotwaterheating,0.0005748132396590757
